activity_year_x,lei,derived_msa-md,state_code,county_code,census_tract,conforming_loan_limit,derived_loan_product_type,derived_dwelling_category,derived_ethnicity,derived_race,derived_sex,action_taken,purchaser_type,preapproval,loan_type,loan_purpose,lien_status,reverse_mortgage,open-end_line_of_credit,business_or_commercial_purpose,loan_amount,loan_to_value_ratio,interest_rate,rate_spread,hoepa_status,total_loan_costs,total_points_and_fees,origination_charges,discount_points,lender_credits,loan_term,prepayment_penalty_term,intro_rate_period,negative_amortization,interest_only_payment,balloon_payment,other_nonamortizing_features,property_value,construction_method,occupancy_type,manufactured_home_secured_property_type,manufactured_home_land_property_interest,total_units,multifamily_affordable_units,income,debt_to_income_ratio,applicant_credit_score_type,co-applicant_credit_score_type,applicant_ethnicity-1,applicant_ethnicity-2,applicant_ethnicity-3,applicant_ethnicity-4,applicant_ethnicity-5,co-applicant_ethnicity-1,co-applicant_ethnicity-2,co-applicant_ethnicity-3,co-applicant_ethnicity-4,co-applicant_ethnicity-5,applicant_ethnicity_observed,co-applicant_ethnicity_observed,applicant_race-1,applicant_race-2,applicant_race-3,applicant_race-4,applicant_race-5,co-applicant_race-1,co-applicant_race-2,co-applicant_race-3,co-applicant_race-4,co-applicant_race-5,applicant_race_observed,co-applicant_race_observed,applicant_sex,co-applicant_sex,applicant_sex_observed,co-applicant_sex_observed,applicant_age,co-applicant_age,applicant_age_above_62,co-applicant_age_above_62,submission_of_application,initially_payable_to_institution,aus-1,aus-2,aus-3,aus-4,aus-5,denial_reason-1,denial_reason-2,denial_reason-3,denial_reason-4,tract_population,tract_minority_population_percent,ffiec_msa_md_median_family_income,tract_to_msa_income_percentage,tract_owner_occupied_units,tract_one_to_four_family_homes,tract_median_age_of_housing_units,tax_id,agency_code,respondent_name,respondent_state,respondent_city,respondent_zip_code
2018,5493001FXF3J5C0QWQ87,20940,CA,06025,06025010400,C,FHA:First Lien,Single Family (1-4 Units):Site-Built,Hispanic or Latino,White,Joint,2,0,2,2,31,1,1,1,2,95000.0,,,,3,,,,,,,,12.0,2,2,2,2,195000.0,1,1,3,5,1,,26.0,,9,9,1.0,11.0,,,,1.0,11.0,,,,2,2,5.0,,,,,5.0,,,,,2,2,1,2,2,2,>74,65-74,Yes,Yes,2,1,6,,,,,10,,,,7641,93.51,48200,63,890,1815,33,80-0860209,7,Reverse Mortgage Funding LLC,NJ,Bloomfield,07003
2018,5493001FXF3J5C0QWQ87,20940,CA,06025,06025010102,C,FHA:First Lien,Single Family (1-4 Units):Site-Built,Ethnicity Not Available,Race Not Available,Sex Not Available,6,2,2,2,31,1,1,1,2,85000.0,,,,3,,,,,,,,12.0,2,2,2,2,95000.0,1,1,3,5,1,,,,9,9,4.0,,,,,4.0,,,,,3,3,7.0,,,,,7.0,,,,,3,3,4,4,3,3,8888,8888,,,3,3,6,,,,,10,,,,4631,91.75,48200,65,657,1598,34,80-0860209,7,Reverse Mortgage Funding LLC,NJ,Bloomfield,07003
2018,5493001FXF3J5C0QWQ87,20940,CA,06025,06025010700,C,FHA:First Lien,Single Family (1-4 Units):Site-Built,Ethnicity Not Available,Race Not Available,Sex Not Available,6,2,2,2,1,1,1,1,2,145000.0,,,,3,,,,,,,,12.0,2,2,2,2,175000.0,1,1,3,5,1,,,,9,9,4.0,,,,,4.0,,,,,3,3,7.0,,,,,7.0,,,,,3,3,4,4,3,3,8888,8888,,,3,3,6,,,,,10,,,,4729,96.87,48200,67,626,1222,35,80-0860209,7,Reverse Mortgage Funding LLC,NJ,Bloomfield,07003
2018,5493001FXF3J5C0QWQ87,20940,CA,06025,06025011500,C,FHA:First Lien,Single Family (1-4 Units):Site-Built,Ethnicity Not Available,Race Not Available,Sex Not Available,6,2,2,2,31,1,1,1,2,165000.0,,,,3,,,,,,,,12.0,2,2,2,2,185000.0,1,1,3,5,1,,,,9,9,4.0,,,,,4.0,,,,,3,3,7.0,,,,,7.0,,,,,3,3,4,4,3,3,8888,8888,,,3,3,6,,,,,10,,,,6491,96.29,48200,62,601,1613,47,80-0860209,7,Reverse Mortgage Funding LLC,NJ,Bloomfield,07003
2018,5493001FXF3J5C0QWQ87,20940,CA,06025,06025010700,C,FHA:First Lien,Single Family (1-4 Units):Site-Built,Ethnicity Not Available,Race Not Available,Sex Not Available,6,2,2,2,31,1,1,1,2,185000.0,,,,3,,,,,,,,12.0,2,2,2,2,205000.0,1,1,3,5,1,,,,9,9,4.0,,,,,4.0,,,,,3,3,7.0,,,,,7.0,,,,,3,3,4,4,3,3,8888,8888,,,3,3,6,,,,,10,,,,4729,96.87,48200,67,626,1222,35,80-0860209,7,Reverse Mortgage Funding LLC,NJ,Bloomfield,07003
2018,5493001FXF3J5C0QWQ87,20940,CA,06025,06025010600,C,FHA:First Lien,Single Family (1-4 Units):Site-Built,Ethnicity Not Available,Race Not Available,Sex Not Available,6,2,2,2,1,1,1,1,2,195000.0,,,,3,,,,,,,,12.0,2,2,2,2,285000.0,1,1,3,5,1,,,,9,9,4.0,,,,,4.0,,,,,3,3,7.0,,,,,7.0,,,,,3,3,4,4,3,3,8888,8888,,,3,3,6,,,,,10,,,,6653,66.71,48200,166,1328,1903,28,80-0860209,7,Reverse Mortgage Funding LLC,NJ,Bloomfield,07003
2018,5493001FXF3J5C0QWQ87,20940,CA,06025,06025012200,C,FHA:First Lien,Single Family (1-4 Units):Site-Built,Ethnicity Not Available,Race Not Available,Sex Not Available,6,2,2,2,31,1,1,1,2,205000.0,,,,3,,,,,,,,12.0,2,2,2,2,215000.0,1,1,3,5,1,,,,9,9,4.0,,,,,4.0,,,,,3,3,7.0,,,,,7.0,,,,,3,3,4,4,3,3,8888,8888,,,3,3,6,,,,,10,,,,7661,98.45,48200,79,1085,1821,28,80-0860209,7,Reverse Mortgage Funding LLC,NJ,Bloomfield,07003
2018,549300TINI6CL78UD591,20940,CA,06025,06025011400,C,FHA:First Lien,Single Family (1-4 Units):Site-Built,Ethnicity Not Available,Race Not Available,Female,1,2,2,2,31,1,1,1,2,55000.0,,4.302,,3,,,,,,,,,2,2,2,2,145000.0,1,1,3,5,1,,15.0,,9,9,3.0,,,,,5.0,,,,,2,4,6.0,,,,,8.0,,,,,2,4,2,5,2,4,>74,9999,Yes,,1,1,6,,,,,10,,,,4718,98.58,48200,69,569,1207,50,20-1832276,7,AAG,CA,Orange,92868
2018,549300TINI6CL78UD591,20940,CA,06025,06025011000,C,FHA:First Lien,Single Family (1-4 Units):Site-Built,Ethnicity Not Available,Race Not Available,Male,6,2,2,2,31,1,1,1,2,15000.0,,4.65,,3,,,,,,,,,2,2,2,2,135000.0,1,1,3,5,1,,,,9,9,3.0,,,,,5.0,,,,,2,4,6.0,,,,,8.0,,,,,2,4,1,5,2,4,65-74,9999,Yes,,3,3,6,,,,,10,,,,12677,80.15,48200,175,2613,3960,18,20-1832276,7,AAG,CA,Orange,92868
2018,549300TINI6CL78UD591,20940,CA,06025,06025012400,C,FHA:First Lien,Single Family (1-4 Units):Site-Built,Hispanic or Latino,White,Male,1,2,2,2,31,1,1,1,2,25000.0,,5.418,,3,,,,,,,,,2,2,2,2,155000.0,1,1,3,5,1,,10.0,,9,9,1.0,11.0,,,,5.0,,,,,2,4,5.0,,,,,8.0,,,,,2,4,1,5,2,4,65-74,9999,Yes,,1,1,6,,,,,10,,,,815,12.39,48200,85,366,1247,39,20-1832276,7,AAG,CA,Orange,92868
2018,549300TINI6CL78UD591,20940,CA,06025,06025011000,C,FHA:First Lien,Single Family (1-4 Units):Site-Built,Not Hispanic or Latino,White,Female,3,0,2,2,31,1,1,1,2,105000.0,,,,3,,,,,,,,,2,2,2,2,185000.0,1,1,3,5,1,,24.0,,9,9,2.0,,,,,5.0,,,,,2,4,5.0,,,,,8.0,,,,,2,4,2,5,2,4,>74,9999,Yes,,1,1,6,,,,,4,,,,12677,80.15,48200,175,2613,3960,18,20-1832276,7,AAG,CA,Orange,92868
2018,549300CK7U1WMTIG6687,20940,CA,06025,06025011600,C,FHA:First Lien,Single Family (1-4 Units):Site-Built,Not Hispanic or Latino,White,Female,1,2,2,2,31,1,1,1,2,55000.0,,4.775,,3,,,,,,,,13.0,2,2,2,2,105000.0,1,1,3,5,1,,13.0,,9,10,2.0,,,,,5.0,,,,,3,4,5.0,,,,,8.0,,,,,3,4,2,5,3,4,>74,9999,Yes,,1,1,6,,,,,10,,,,5967,90.4,48200,58,512,1821,57,20-5238443,7,HighTechLending Inc.,CA,IRVINE,92614
2018,549300CK7U1WMTIG6687,20940,CA,06025,06025011700,C,FHA:First Lien,Single Family (1-4 Units):Site-Built,Ethnicity Not Available,Race Not Available,Sex Not Available,5,0,2,2,32,1,1,1,2,95000.0,,,,3,,,,,,,,13.0,2,2,2,2,,1,1,3,5,1,,0.0,,9,9,3.0,,,,,5.0,,,,,3,4,6.0,,,,,8.0,,,,,3,4,3,5,3,4,65-74,9999,Yes,,1,1,6,,,,,10,,,,5254,88.9,48200,131,921,1227,42,20-5238443,7,HighTechLending Inc.,CA,IRVINE,92614
2018,549300EHC6INE5XY6I44,20940,CA,06025,06025011000,C,FHA:First Lien,Single Family (1-4 Units):Site-Built,Not Hispanic or Latino,White,Male,1,71,2,2,4,1,1,1,2,65000.0,,4.65,,3,,,,,,,,12.0,2,2,2,1,135000.0,1,1,3,5,1,,18.0,,9,10,2.0,,,,,5.0,,,,,2,4,5.0,,,,,8.0,,,,,2,4,1,5,2,4,65-74,9999,Yes,,1,1,6,,,,,10,,,,12677,80.15,48200,175,2613,3960,18,04-3568208,7,"One Reverse Mortgage, LLC",CA,San Diego,92121
2018,549300RDSL2X3NXE5U60,20940,CA,06025,06025010400,C,FHA:First Lien,Single Family (1-4 Units):Site-Built,Hispanic or Latino,White,Joint,4,0,2,2,32,1,1,2,2,125000.0,,,,3,,,,,,,,,1,2,2,2,,1,1,3,5,1,,23.0,,9,9,1.0,,,,,1.0,,,,,1,1,5.0,,,,,5.0,,,,,1,1,1,2,1,1,65-74,65-74,Yes,Yes,1,1,6,,,,,10,,,,7641,93.51,48200,63,890,1815,33,20-2752826,7,Live Well Financial,VA,RICHMOND,23225
2018,549300S5YL3OH0IVCS62,20940,CA,06025,06025011600,C,FHA:First Lien,Single Family (1-4 Units):Site-Built,Ethnicity Not Available,Race Not Available,Sex Not Available,6,2,2,2,5,1,1,1,2,55000.0,,4.775,,3,,,,,,,,12.0,2,2,2,2,105000.0,1,1,3,5,1,,,,9,9,4.0,,,,,4.0,,,,,3,3,7.0,,,,,7.0,,,,,3,3,4,4,3,3,8888,8888,,,3,3,6,,,,,10,,,,5967,90.4,48200,58,512,1821,57,20-0304793,7,Finance of America Reverse LLC,OK,TULSA,74133
2018,549300S5YL3OH0IVCS62,20940,CA,06025,06025011100,C,FHA:First Lien,Single Family (1-4 Units):Site-Built,Ethnicity Not Available,Race Not Available,Sex Not Available,6,2,2,2,31,1,1,1,2,55000.0,,5.51,,3,,,,,,,,12.0,2,2,2,2,125000.0,1,1,3,5,1,,,,9,9,4.0,,,,,4.0,,,,,3,3,7.0,,,,,7.0,,,,,3,3,4,4,3,3,8888,8888,,,3,3,6,,,,,10,,,,3660,74.7,48200,98,525,1178,32,20-0304793,7,Finance of America Reverse LLC,OK,TULSA,74133
2018,B4TYDEB6GKMZO031MB27,20940,CA,06025,06025011900,C,FHA:First Lien,Single Family (1-4 Units):Site-Built,Ethnicity Not Available,Race Not Available,Sex Not Available,6,0,2,2,5,1,1,1,2,205000.0,,6.6,,3,,,,,,,,3.0,2,2,2,2,295000.0,1,1,3,5,1,,,,9,9,4.0,,,,,4.0,,,,,3,3,7.0,,,,,7.0,,,,,3,3,4,4,3,3,8888,8888,,,3,3,6,,,,,10,,,,11459,98.73,48200,102,1583,2761,13,57-0236115,9,Bank of America NA,CA,Westlake Village,91361
2018,B4TYDEB6GKMZO031MB27,20940,CA,06025,06025010400,C,FHA:First Lien,Single Family (1-4 Units):Site-Built,Ethnicity Not Available,Race Not Available,Sex Not Available,6,0,2,2,5,1,1,1,2,85000.0,,3.036,,3,,,,,,,,3.0,2,2,2,2,95000.0,1,1,3,5,1,,,,9,9,4.0,,,,,4.0,,,,,3,3,7.0,,,,,7.0,,,,,3,3,4,4,3,3,8888,8888,,,3,3,6,,,,,10,,,,7641,93.51,48200,63,890,1815,33,57-0236115,9,Bank of America NA,CA,Westlake Village,91361
2019,549300TCY9QY8BRDQJ12,20940,CA,06025,06025011201,C,FHA:First Lien,Single Family (1-4 Units):Site-Built,Hispanic or Latino,White,Joint,2,0,2,2,32,1,1,1,2,65000.0,,5.782,,3,,,,,,,,13.0,2,2,2,2,125000.0,1,1,3,5,1,,30.0,,9,9,1.0,11.0,,,,11.0,,,,,2,2,5.0,,,,,5.0,,,,,2,2,1,2,2,2,>74,>74,Yes,Yes,2,1,6,,,,,10,,,,6162,84.26999999999998,60700,180,1291,1910,15,11-2590182,7,United Northern Mortgage Bankers Limited,NY,Levittown,11756
2019,549300CR5XDK0TP7I727,20940,CA,06025,06025010102,C,FHA:First Lien,Single Family (1-4 Units):Site-Built,Joint,White,Joint,3,0,2,2,31,1,1,1,2,65000.0,,,,3,,,,,,,,,2,2,2,2,125000.0,1,1,3,5,1,,35.0,,9,9,2.0,,,,,1.0,,,,,2,2,5.0,,,,,5.0,,,,,2,2,1,2,2,2,>74,65-74,Yes,Yes,2,1,6,,,,,5,,,,4631,91.75,60700,65,657,1598,34,83-0345906,7,Open Mortgage LLC,TX,Austin,78737
2019,549300EHC6INE5XY6I44,20940,CA,06025,06025012002,C,FHA:First Lien,Single Family (1-4 Units):Site-Built,Hispanic or Latino,White,Male,3,0,2,2,32,1,1,1,2,115000.0,,,,3,,,,,,,,12.0,2,2,2,1,225000.0,1,1,3,5,1,,22.0,,9,10,1.0,11.0,,,,5.0,,,,,2,4,5.0,,,,,8.0,,,,,2,4,1,5,2,4,65-74,9999,Yes,,2,3,6,,,,,4,,,,9391,95.83,60700,129,1377,2318,17,04-3568208,7,"One Reverse Mortgage, LLC",CA,San Diego,92121
2019,549300QUX3LK82LO3013,20940,CA,06025,06025012302,C,FHA:First Lien,Single Family (1-4 Units):Site-Built,Not Hispanic or Latino,White,Male,5,0,2,2,2,1,1,1,2,85000.0,,,,3,,,,,,,,12.0,2,2,2,2,,1,1,3,5,1,,11.0,,9,9,2.0,,,,,5.0,,,,,2,4,5.0,,,,,8.0,,,,,2,4,1,5,2,4,>74,9999,Yes,,1,1,6,,,,,10,,,,6037,70.58,60700,73,1144,2807,21,20-0142846,7,"Liberty Home Equity Solutions, Inc.",NJ,Mount Laurel,08054
2019,549300TINI6CL78UD591,20940,CA,06025,06025011700,C,FHA:First Lien,Single Family (1-4 Units):Site-Built,Not Hispanic or Latino,Black or African American,Joint,1,2,2,2,31,1,1,1,2,85000.0,,5.391,,3,,,,,,,,,2,2,2,2,195000.0,1,1,3,5,1,,35.0,,9,9,2.0,,,,,2.0,,,,,2,2,3.0,,,,,3.0,,,,,2,2,1,2,2,2,>74,65-74,Yes,Yes,1,1,6,,,,,10,,,,5254,88.9,60700,131,921,1227,42,20-1832276,7,AAG,CA,Orange,92868
2019,549300TINI6CL78UD591,20940,CA,06025,06025011600,C,FHA:First Lien,Single Family (1-4 Units):Site-Built,Not Hispanic or Latino,White,Male,1,2,2,2,31,1,1,1,2,55000.0,,5.615,,3,,,,,,,,,2,2,2,2,165000.0,1,1,3,5,1,,21.0,,9,9,2.0,,,,,5.0,,,,,2,4,5.0,,,,,8.0,,,,,2,4,1,5,2,4,>74,9999,Yes,,1,1,6,,,,,10,,,,5967,90.4,60700,58,512,1821,57,20-1832276,7,AAG,CA,Orange,92868
2019,549300TINI6CL78UD591,20940,CA,06025,06025010300,C,FHA:First Lien,Single Family (1-4 Units):Site-Built,Not Hispanic or Latino,White,Male,3,0,2,2,31,1,1,1,2,15000.0,,,,3,,,,,,,,,2,2,2,2,255000.0,1,1,3,5,1,,11.0,,9,9,2.0,,,,,5.0,,,,,2,4,5.0,,,,,8.0,,,,,2,4,1,5,2,4,55-64,9999,Yes,,1,1,6,,,,,4,,,,1017,61.46,60700,125,188,334,45,20-1832276,7,AAG,CA,Orange,92868
2019,549300TINI6CL78UD591,20940,CA,06025,06025010700,C,FHA:First Lien,Single Family (1-4 Units):Site-Built,Hispanic or Latino,Race Not Available,Joint,1,2,2,2,31,1,1,1,2,35000.0,,5.477,,3,,,,,,,,,2,2,2,2,135000.0,1,1,3,5,1,,36.0,,9,9,1.0,,,,,1.0,,,,,2,2,6.0,,,,,6.0,,,,,2,2,1,2,2,2,>74,65-74,Yes,Yes,1,1,6,,,,,10,,,,4729,96.87,60700,67,626,1222,35,20-1832276,7,AAG,CA,Orange,92868
2019,549300TINI6CL78UD591,20940,CA,06025,06025011900,C,FHA:First Lien,Single Family (1-4 Units):Site-Built,Hispanic or Latino,White,Joint,1,2,2,2,31,1,1,1,2,125000.0,,4.178,,3,,,,,,,,,2,2,2,2,235000.0,1,1,3,5,1,,16.0,,9,9,1.0,11.0,,,,1.0,11.0,,,,2,2,5.0,,,,,5.0,,,,,2,2,1,2,2,2,>74,65-74,Yes,Yes,2,1,6,,,,,10,,,,11459,98.73,60700,102,1583,2761,13,20-1832276,7,AAG,CA,Orange,92868
2019,549300TINI6CL78UD591,20940,CA,06025,06025011000,C,FHA:First Lien,Single Family (1-4 Units):Site-Built,Not Hispanic or Latino,White,Female,4,0,2,2,31,1,1,1,2,115000.0,,,,3,,,,,,,,,2,2,2,2,,1,1,3,5,1,,32.0,,9,9,2.0,,,,,5.0,,,,,2,4,5.0,,,,,8.0,,,,,2,4,2,5,2,4,>74,9999,Yes,,2,1,6,,,,,10,,,,12677,80.15,60700,175,2613,3960,18,20-1832276,7,AAG,CA,Orange,92868
2019,549300TINI6CL78UD591,20940,CA,06025,06025011201,C,FHA:First Lien,Single Family (1-4 Units):Site-Built,Not Hispanic or Latino,White,Male,1,2,2,2,31,1,1,1,2,65000.0,,5.199,,3,,,,,,,,,2,2,2,2,215000.0,1,1,3,5,1,,20.0,,9,9,2.0,,,,,5.0,,,,,2,4,5.0,,,,,8.0,,,,,2,4,1,5,2,4,65-74,9999,Yes,,1,1,6,,,,,10,,,,6162,84.26999999999998,60700,180,1291,1910,15,20-1832276,7,AAG,CA,Orange,92868
2019,549300TINI6CL78UD591,20940,CA,06025,06025010600,C,FHA:First Lien,Single Family (1-4 Units):Site-Built,Ethnicity Not Available,Race Not Available,Female,1,2,2,2,31,1,1,1,2,125000.0,,4.456,,3,,,,,,,,,2,2,2,2,235000.0,1,1,3,5,1,,17.0,,9,9,3.0,,,,,5.0,,,,,2,4,6.0,,,,,8.0,,,,,2,4,2,5,2,4,65-74,9999,Yes,,1,1,6,,,,,10,,,,6653,66.71,60700,166,1328,1903,28,20-1832276,7,AAG,CA,Orange,92868
2019,549300TINI6CL78UD591,20940,CA,06025,06025012200,C,FHA:First Lien,Single Family (1-4 Units):Site-Built,Hispanic or Latino,Race Not Available,Joint,1,2,2,2,31,1,1,1,2,95000.0,,4.0,,3,,,,,,,,,2,2,2,2,215000.0,1,1,3,5,1,,14.0,,9,9,1.0,11.0,,,,1.0,11.0,,,,2,2,6.0,,,,,6.0,,,,,2,2,1,2,2,2,>74,65-74,Yes,Yes,2,1,6,,,,,10,,,,7661,98.45,60700,79,1085,1821,28,20-1832276,7,AAG,CA,Orange,92868
2020,PAOOWF3GUFM46FBSP561,20940,CA,06025,06025010700,C,FHA:First Lien,Single Family (1-4 Units):Site-Built,Ethnicity Not Available,Race Not Available,Sex Not Available,6,2,2,2,31,1,1,1,2,85000.0,,4.5,,3,,,,,,,,12.0,2,2,2,2,175000.0,1,1,3,5,1,,,,9,9,4.0,,,,,4.0,,,,,3,3,7.0,,,,,7.0,,,,,3,3,4,4,3,3,8888,8888,,,3,3,6,,,,,10,,,,4729,96.87,55600,67,626,1222,35,22-2195996,7,PHH MORTGAGE CORPORATION,NJ,MT LAUREL,08054
2020,PAOOWF3GUFM46FBSP561,20940,CA,06025,06025010500,C,FHA:First Lien,Single Family (1-4 Units):Site-Built,Hispanic or Latino,Race Not Available,Joint,1,8,2,2,31,1,1,1,2,125000.0,,3.21,,3,,,,,,,,12.0,2,2,2,2,245000.0,1,1,3,5,1,,34.0,,9,9,1.0,,,,,1.0,,,,,2,2,6.0,,,,,6.0,,,,,2,2,1,2,2,2,65-74,55-64,Yes,Yes,2,2,6,,,,,10,,,,6687,86.5,55600,118,1138,1856,39,22-2195996,7,PHH MORTGAGE CORPORATION,NJ,MT LAUREL,08054
2020,5493001FXF3J5C0QWQ87,20940,CA,06025,06025011100,C,FHA:First Lien,Single Family (1-4 Units):Site-Built,Not Hispanic or Latino,White,Joint,1,2,2,2,31,1,1,1,2,185000.0,,2.857,,3,,,,,,,,12.0,2,2,2,2,315000.0,1,1,3,5,1,,32.0,,9,9,2.0,,,,,2.0,,,,,2,2,5.0,,,,,5.0,,,,,2,2,1,2,2,2,65-74,65-74,Yes,Yes,2,1,6,,,,,10,,,,3660,74.7,55600,98,525,1178,32,80-0860209,7,Reverse Mortgage Funding LLC,NJ,Bloomfield,07003
2020,549300TINI6CL78UD591,20940,CA,06025,06025012302,C,FHA:First Lien,Single Family (1-4 Units):Site-Built,Not Hispanic or Latino,White,Male,1,2,2,2,31,1,1,1,2,45000.0,,4.942,,3,,,,,,,,,2,2,2,2,165000.0,1,1,3,5,1,,11.0,,9,9,2.0,,,,,5.0,,,,,2,4,5.0,,,,,8.0,,,,,2,4,1,5,2,4,>74,9999,Yes,,1,1,6,,,,,10,,,,6037,70.58,55600,73,1144,2807,21,20-1832276,7,AAG,CA,Orange,92868
2020,549300TINI6CL78UD591,20940,CA,06025,06025012302,C,FHA:First Lien,Single Family (1-4 Units):Manufactured,Hispanic or Latino,White,Male,5,0,2,2,31,1,1,1,2,5000.0,,,,3,,,,,,,,,2,2,2,2,,2,1,1,1,1,,11.0,,9,9,1.0,,,,,5.0,,,,,2,4,5.0,,,,,8.0,,,,,2,4,1,5,2,4,55-64,9999,Yes,,1,1,6,,,,,10,,,,6037,70.58,55600,73,1144,2807,21,20-1832276,7,AAG,CA,Orange,92868
2020,549300TINI6CL78UD591,20940,CA,06025,06025011803,C,FHA:First Lien,Single Family (1-4 Units):Site-Built,Not Hispanic or Latino,White,Female,1,2,2,2,31,1,1,1,2,125000.0,,2.903,,3,,,,,,,,,2,2,2,2,345000.0,1,1,3,5,1,,40.0,,9,9,2.0,,,,,5.0,,,,,2,4,5.0,,,,,8.0,,,,,2,4,2,5,2,4,65-74,9999,Yes,,1,1,6,,,,,10,,,,6697,84.65,55600,222,1436,1996,13,20-1832276,7,AAG,CA,Orange,92868
2020,549300TINI6CL78UD591,20940,CA,06025,06025010600,C,FHA:First Lien,Single Family (1-4 Units):Site-Built,Hispanic or Latino,White,Joint,4,0,2,2,31,1,1,1,2,265000.0,,,,3,,,,,,,,,2,2,2,2,,1,1,3,5,1,,35.0,,9,9,1.0,,,,,1.0,,,,,2,2,5.0,,,,,5.0,,,,,2,2,1,2,2,2,>74,>74,Yes,Yes,2,1,6,,,,,10,,,,6653,66.71,55600,166,1328,1903,28,20-1832276,7,AAG,CA,Orange,92868
2020,549300TINI6CL78UD591,20940,CA,06025,06025010600,C,FHA:First Lien,Single Family (1-4 Units):Site-Built,Not Hispanic or Latino,White,Joint,3,0,2,2,31,1,1,1,2,185000.0,,,,3,,,,,,,,,2,2,2,2,305000.0,1,1,3,5,1,,40.0,,9,9,2.0,,,,,2.0,,,,,2,2,5.0,,,,,5.0,,,,,2,2,1,2,2,2,>74,>74,Yes,Yes,1,1,6,,,,,4,,,,6653,66.71,55600,166,1328,1903,28,20-1832276,7,AAG,CA,Orange,92868
2020,549300TINI6CL78UD591,20940,CA,06025,06025010900,C,FHA:First Lien,Single Family (1-4 Units):Site-Built,Not Hispanic or Latino,White,Female,1,2,2,2,31,1,1,1,2,105000.0,,3.421,,3,,,,,,,,,2,2,2,2,225000.0,1,1,3,5,1,,15.0,,9,9,2.0,,,,,5.0,,,,,2,4,5.0,,,,,8.0,,,,,2,4,2,5,2,4,>74,9999,Yes,,2,2,6,,,,,10,,,,6921,75.39,55600,64,1060,1971,41,20-1832276,7,AAG,CA,Orange,92868
2020,549300CK7U1WMTIG6687,20940,CA,06025,06025011600,C,FHA:First Lien,Single Family (1-4 Units):Site-Built,Hispanic or Latino,White,Male,1,71,2,2,32,1,1,1,2,85000.0,,3.576,,3,,,,,,,,13.0,2,2,2,2,185000.0,1,1,3,5,1,,11.0,,9,10,1.0,,,,,5.0,,,,,2,4,5.0,,,,,8.0,,,,,2,4,1,5,2,4,55-64,9999,Yes,,1,1,6,,,,,10,,,,5967,90.4,55600,58,512,1821,57,20-5238443,7,HighTechLending Inc.,CA,IRVINE,92614
2020,549300CK7U1WMTIG6687,20940,CA,06025,06025011801,C,FHA:First Lien,Single Family (1-4 Units):Site-Built,Not Hispanic or Latino,White,Joint,1,2,2,2,31,1,1,1,2,165000.0,,2.735,,3,,,,,,,,2.0,2,2,2,2,315000.0,1,1,3,5,1,,61.0,,9,9,2.0,,,,,2.0,,,,,2,2,5.0,,,,,5.0,,,,,2,2,1,2,2,2,55-64,55-64,Yes,Yes,1,1,6,,,,,10,,,,3560,70.51,55600,199,1008,1241,26,20-5238443,7,HighTechLending Inc.,CA,IRVINE,92614
2020,549300S5YL3OH0IVCS62,20940,CA,06025,06025011000,C,FHA:First Lien,Single Family (1-4 Units):Site-Built,Hispanic or Latino,White,Joint,1,2,2,2,31,1,1,1,2,135000.0,,3.171,,3,,,,,,,,12.0,2,2,2,2,215000.0,1,1,3,5,1,,34.0,,9,9,1.0,11.0,,,,1.0,11.0,,,,2,2,5.0,,,,,5.0,,,,,2,2,1,2,2,2,>74,>74,Yes,Yes,2,2,6,,,,,10,,,,12677,80.15,55600,175,2613,3960,18,20-0304793,7,Finance of America Reverse LLC,OK,TULSA,74133
2020,549300MHH03ICJYEPE85,20940,CA,06025,06025012400,C,FHA:First Lien,Single Family (1-4 Units):Manufactured,Not Hispanic or Latino,White,Joint,3,0,2,2,4,1,1,1,2,65000.0,,,,3,,,,,,,,13.0,2,2,2,2,115000.0,2,1,1,1,1,,38.0,,9,9,2.0,,,,,2.0,,,,,2,2,5.0,,,,,5.0,,,,,2,2,1,2,2,2,65-74,65-74,Yes,Yes,1,1,6,,,,,4,,,,815,12.39,55600,85,366,1247,39,46-0530020,7,"Longbridge Financial, LLC",NJ,Mahwah,07495
2020,5493008E4KBJCB6UKR64,20940,CA,06025,06025010500,C,FHA:First Lien,Single Family (1-4 Units):Site-Built,Hispanic or Latino,White,Joint,6,0,2,2,31,1,1,2,2,125000.0,,3.21,,3,,,,,,,,,2,2,2,2,245000.0,1,1,3,5,1,,38.0,,9,9,1.0,11.0,,,,1.0,11.0,,,,3,3,5.0,,,,,5.0,,,,,3,3,1,2,3,3,65-74,55-64,Yes,Yes,3,3,6,,,,,10,,,,6687,86.5,55600,118,1138,1856,39,33-0175937,7,Essex Mortgage,CA,ORANGE,92868
2020,549300QUX3LK82LO3013,20940,CA,06025,06025010700,C,FHA:First Lien,Single Family (1-4 Units):Site-Built,Hispanic or Latino,Race Not Available,Joint,1,8,2,2,31,1,1,1,2,85000.0,,4.5,,3,,,,,,,,12.0,2,2,2,2,175000.0,1,1,3,5,1,,20.0,,9,9,1.0,,,,,1.0,,,,,2,2,6.0,,,,,6.0,,,,,2,2,1,2,2,2,65-74,65-74,Yes,Yes,2,1,6,,,,,10,,,,4729,96.87,55600,67,626,1222,35,20-0142846,7,"Liberty Home Equity Solutions, Inc.",NJ,Mount Laurel,08054
2020,549300MGPZBLQDIL7538,20940,CA,06025,06025011300,C,FHA:First Lien,Single Family (1-4 Units):Site-Built,Not Hispanic or Latino,White,Male,3,0,2,2,31,1,1,2,2,55000.0,15.102,,,3,,,,,,,,12.0,2,2,2,2,355000.0,1,1,3,5,1,,24.0,39,1,10,2.0,,,,,5.0,,,,,1,4,5.0,,,,,8.0,,,,,1,4,1,5,1,4,55-64,9999,Yes,,1,3,6,,,,,7,,,,10883,93.26,55600,99,1622,2665,16,76-0503625,7,FAIRWAY INDEPENDENT MORT CORP,WI,MADISON,53718
2020,549300MGPZBLQDIL7538,20940,CA,06025,06025012200,C,FHA:First Lien,Single Family (1-4 Units):Site-Built,Ethnicity Not Available,Race Not Available,Joint,5,0,2,2,31,1,1,2,2,95000.0,,,,3,,,,,,,,12.0,2,2,2,2,,1,1,3,5,1,,36.0,,9,9,3.0,,,,,3.0,,,,,2,2,6.0,,,,,6.0,,,,,2,2,1,2,2,2,65-74,65-74,Yes,Yes,1,3,6,,,,,10,,,,7661,98.45,55600,79,1085,1821,28,76-0503625,7,FAIRWAY INDEPENDENT MORT CORP,WI,MADISON,53718
2021,254900F9ZTVTX763V835,20940,CA,06025,06025012200,C,FHA:First Lien,Single Family (1-4 Units):Site-Built,Hispanic or Latino,White,Female,1,0,2,2,32,1,1,1,2,155000.0,59.89,2.52,,3,,,,,,,,,2,2,2,2,255000.0,1,1,3,5,1,,12.0,,1,10,1.0,11.0,,,,5.0,,,,,2,4,5.0,,,,,8.0,,,,,2,4,2,5,2,4,>74,9999,Yes,,1,1,6,,,,,10,,,,7661,98.45,56200,79,1085,1821,28,22-3626426,7,Advisors Mortgage Group LLC,NJ,OCEAN,07712
2021,254900F9ZTVTX763V835,20940,CA,06025,06025011000,C,FHA:First Lien,Single Family (1-4 Units):Site-Built,Hispanic or Latino,White,Joint,1,71,2,2,32,1,1,1,2,145000.0,64.7,2.17,,3,,,,,,,,,2,2,2,2,235000.0,1,1,3,5,1,,35.0,,1,9,1.0,11.0,,,,1.0,11.0,,,,2,2,5.0,,,,,5.0,,,,,2,2,1,2,2,2,>74,>74,Yes,Yes,1,1,6,,,,,10,,,,12677,80.15,56200,175,2613,3960,18,22-3626426,7,Advisors Mortgage Group LLC,NJ,OCEAN,07712
2021,549300TINI6CL78UD591,20940,CA,06025,06025012400,C,FHA:First Lien,Single Family (1-4 Units):Site-Built,Ethnicity Not Available,Race Not Available,Male,3,0,2,2,31,1,1,1,2,45000.0,,,,3,,,,,,,,,2,2,2,2,185000.0,1,1,3,5,1,,10.0,,9,9,3.0,,,,,5.0,,,,,2,4,6.0,,,,,8.0,,,,,2,4,1,5,2,4,65-74,9999,Yes,,1,1,6,,,,,9,,,,815,12.39,56200,85,366,1247,39,20-1832276,7,AAG,CA,Orange,92868
2021,549300TINI6CL78UD591,20940,CA,06025,06025011700,C,FHA:First Lien,Single Family (1-4 Units):Site-Built,Not Hispanic or Latino,Black or African American,Male,1,2,2,2,31,1,1,1,2,115000.0,,1.59,,3,,,,,,,,,2,2,2,2,215000.0,1,1,3,5,1,,18.0,,9,9,2.0,,,,,5.0,,,,,2,4,3.0,,,,,8.0,,,,,2,4,1,5,2,4,>74,9999,Yes,,1,1,6,,,,,10,,,,5254,88.9,56200,131,921,1227,42,20-1832276,7,AAG,CA,Orange,92868
2021,549300TINI6CL78UD591,20940,CA,06025,06025010300,C,FHA:First Lien,Single Family (1-4 Units):Site-Built,Not Hispanic or Latino,White,Female,5,0,2,2,31,1,1,1,2,15000.0,,,,3,,,,,,,,,2,2,2,2,,1,1,3,5,1,,20.0,,9,9,2.0,,,,,5.0,,,,,2,4,5.0,,,,,8.0,,,,,2,4,2,5,2,4,>74,9999,Yes,,1,1,6,,,,,10,,,,1017,61.46,56200,125,188,334,45,20-1832276,7,AAG,CA,Orange,92868
2021,549300TINI6CL78UD591,20940,CA,06025,06025011802,C,FHA:First Lien,Single Family (1-4 Units):Site-Built,Not Hispanic or Latino,White,Female,3,0,2,2,31,1,1,1,2,135000.0,,,,3,,,,,,,,,2,2,2,2,215000.0,1,1,3,5,1,,14.0,,9,9,2.0,,,,,5.0,,,,,2,4,5.0,,,,,8.0,,,,,2,4,2,5,2,4,>74,9999,Yes,,2,1,6,,,,,9,,,,5748,80.64,56200,112,726,1302,41,20-1832276,7,AAG,CA,Orange,92868
2021,549300TINI6CL78UD591,20940,CA,06025,06025012302,C,FHA:First Lien,Single Family (1-4 Units):Manufactured,Hispanic or Latino,White,Male,3,0,2,2,31,1,1,1,2,25000.0,,,,3,,,,,,,,,2,2,2,2,85000.0,2,1,1,1,1,,11.0,,9,9,1.0,,,,,5.0,,,,,2,4,5.0,,,,,8.0,,,,,2,4,1,5,2,4,65-74,9999,Yes,,1,1,6,,,,,9,,,,6037,70.58,56200,73,1144,2807,21,20-1832276,7,AAG,CA,Orange,92868
2021,549300TINI6CL78UD591,20940,CA,06025,06025012100,C,FHA:First Lien,Single Family (1-4 Units):Site-Built,Ethnicity Not Available,Race Not Available,Female,1,2,2,2,31,1,1,1,2,175000.0,,2.12,,3,,,,,,,,,2,2,2,2,275000.0,1,1,3,5,1,,34.0,,9,9,3.0,,,,,5.0,,,,,2,4,6.0,,,,,8.0,,,,,2,4,2,5,2,4,>74,9999,Yes,,1,1,6,,,,,10,,,,6966,99.43,56200,55,565,1749,43,20-1832276,7,AAG,CA,Orange,92868
2021,549300TINI6CL78UD591,20940,CA,06025,06025011600,C,FHA:First Lien,Single Family (1-4 Units):Site-Built,Joint,White,Joint,1,2,2,2,31,1,1,1,2,115000.0,,2.3,,3,,,,,,,,,2,2,2,2,265000.0,1,1,3,5,1,,46.0,,9,9,2.0,,,,,1.0,11.0,,,,2,2,5.0,,,,,5.0,,,,,2,2,1,2,2,2,65-74,65-74,Yes,Yes,1,1,6,,,,,10,,,,5967,90.4,56200,58,512,1821,57,20-1832276,7,AAG,CA,Orange,92868
2021,549300TINI6CL78UD591,20940,CA,06025,06025010400,C,FHA:First Lien,Single Family (1-4 Units):Site-Built,Ethnicity Not Available,Race Not Available,Joint,1,2,2,2,31,1,1,1,2,85000.0,,3.16,,3,,,,,,,,,2,2,2,2,235000.0,1,1,3,5,1,,16.0,,9,9,3.0,,,,,3.0,,,,,2,2,6.0,,,,,6.0,,,,,2,2,1,2,2,2,65-74,65-74,Yes,Yes,1,1,6,,,,,10,,,,7641,93.51,56200,63,890,1815,33,20-1832276,7,AAG,CA,Orange,92868
2021,549300TINI6CL78UD591,20940,CA,06025,06025011202,C,FHA:First Lien,Single Family (1-4 Units):Site-Built,Not Hispanic or Latino,White,Female,1,2,2,2,31,1,1,1,2,135000.0,,2.425,,3,,,,,,,,,2,2,2,2,265000.0,1,1,3,5,1,,27.0,,9,9,2.0,,,,,5.0,,,,,2,4,5.0,,,,,8.0,,,,,2,4,2,5,2,4,65-74,9999,Yes,,2,1,6,,,,,10,,,,5349,93.94,56200,61,457,1131,39,20-1832276,7,AAG,CA,Orange,92868
2021,549300MHH03ICJYEPE85,20940,CA,06025,06025011801,C,FHA:First Lien,Single Family (1-4 Units):Site-Built,Ethnicity Not Available,Race Not Available,Sex Not Available,6,2,2,2,31,1,1,1,2,165000.0,,2.735,,3,,,,,,,,2.0,2,2,2,2,315000.0,1,1,3,5,1,,,,9,9,4.0,,,,,4.0,,,,,3,3,7.0,,,,,7.0,,,,,3,3,4,4,3,3,8888,8888,,,3,3,6,,,,,10,,,,3560,70.51,56200,199,1008,1241,26,46-0530020,7,"Longbridge Financial, LLC",NJ,Mahwah,07495
2021,2549001SI0EMFPT39035,20940,CA,06025,06025011700,C,FHA:First Lien,Single Family (1-4 Units):Site-Built,Hispanic or Latino,White,Male,1,71,2,2,1,1,1,1,2,275000.0,,,,2,,,,,,,,,1,1,1,1,,1,1,3,5,1,,4703.0,,9,9,1.0,,,,,5.0,,,,,2,4,5.0,,,,,8.0,,,,,2,4,1,5,2,4,8888,8888,,,1,1,6,,,,,10,,,,5254,88.9,56200,131,921,1227,42,26-0728895,7,Cstone Mortgage Inc,CA,SAN DIEGO,92108
2021,2549001SI0EMFPT39035,20940,CA,06025,06025011201,C,Conventional:First Lien,Single Family (1-4 Units):Site-Built,Not Hispanic or Latino,White,Male,1,71,2,1,31,1,1,1,2,185000.0,,,,3,,,,,,,,,1,1,1,1,,1,3,3,5,1,,18259.0,,9,9,2.0,,,,,5.0,,,,,2,4,5.0,,,,,8.0,,,,,2,4,1,5,2,4,8888,8888,,,1,1,6,,,,,10,,,,6162,84.26999999999998,56200,180,1291,1910,15,26-0728895,7,Cstone Mortgage Inc,CA,SAN DIEGO,92108
2021,2549001SI0EMFPT39035,20940,CA,06025,06025012302,C,FHA:First Lien,Single Family (1-4 Units):Site-Built,Not Hispanic or Latino,White,Male,1,71,2,2,1,1,1,1,2,145000.0,,,,2,,,,,,,,,1,1,1,1,,1,1,3,5,1,,3832.0,,9,9,2.0,,,,,5.0,,,,,2,4,5.0,,,,,8.0,,,,,2,4,1,5,2,4,8888,8888,,,1,1,6,,,,,10,,,,6037,70.58,56200,73,1144,2807,21,26-0728895,7,Cstone Mortgage Inc,CA,SAN DIEGO,92108
2021,2549001SI0EMFPT39035,20940,CA,06025,06025011000,C,Conventional:First Lien,Single Family (1-4 Units):Site-Built,Hispanic or Latino,White,Male,1,6,2,1,1,1,1,1,2,415000.0,,,,2,,,,,,,,,1,1,1,1,,1,1,3,5,1,,14145.0,,9,9,1.0,,,,,5.0,,,,,2,4,5.0,,,,,8.0,,,,,2,4,1,5,2,4,8888,8888,,,1,1,6,,,,,10,,,,12677,80.15,56200,175,2613,3960,18,26-0728895,7,Cstone Mortgage Inc,CA,SAN DIEGO,92108
2021,2549001SI0EMFPT39035,20940,CA,06025,06025011000,C,FHA:First Lien,Single Family (1-4 Units):Site-Built,Hispanic or Latino,Race Not Available,Male,1,71,2,2,2,1,1,1,2,285000.0,,,,2,,,,,,,,,1,1,1,1,,1,1,3,5,1,,10835.0,,9,9,1.0,,,,,5.0,,,,,2,4,6.0,,,,,8.0,,,,,2,4,1,5,2,4,8888,8888,,,1,1,6,,,,,10,,,,12677,80.15,56200,175,2613,3960,18,26-0728895,7,Cstone Mortgage Inc,CA,SAN DIEGO,92108
2021,2549001SI0EMFPT39035,20940,CA,06025,06025011000,C,Conventional:First Lien,Single Family (1-4 Units):Site-Built,Ethnicity Not Available,White,Sex Not Available,1,71,2,1,31,1,1,1,2,225000.0,,,,3,,,,,,,,,1,1,1,1,,1,3,3,5,1,,15844.0,,9,9,3.0,,,,,5.0,,,,,2,4,5.0,,,,,8.0,,,,,2,4,3,5,2,4,8888,8888,,,1,1,6,,,,,10,,,,12677,80.15,56200,175,2613,3960,18,26-0728895,7,Cstone Mortgage Inc,CA,SAN DIEGO,92108
2021,2549001SI0EMFPT39035,20940,CA,06025,06025011900,C,Conventional:First Lien,Single Family (1-4 Units):Site-Built,Ethnicity Not Available,White,Sex Not Available,1,71,2,1,1,1,1,1,2,335000.0,,,,2,,,,,,,,,1,1,1,1,,1,1,3,5,1,,8052.0,,9,9,3.0,,,,,5.0,,,,,2,4,5.0,,,,,8.0,,,,,2,4,3,5,2,4,8888,8888,,,1,1,6,,,,,10,,,,11459,98.73,56200,102,1583,2761,13,26-0728895,7,Cstone Mortgage Inc,CA,SAN DIEGO,92108
2021,2549001SI0EMFPT39035,20940,CA,06025,06025011803,C,VA:First Lien,Single Family (1-4 Units):Site-Built,Ethnicity Not Available,White,Sex Not Available,1,71,2,3,1,1,1,1,2,375000.0,,,,2,,,,,,,,,1,1,1,1,,1,1,3,5,1,,7989.0,,9,9,3.0,,,,,5.0,,,,,2,4,5.0,,,,,8.0,,,,,2,4,3,5,2,4,8888,8888,,,1,1,6,,,,,10,,,,6697,84.65,56200,222,1436,1996,13,26-0728895,7,Cstone Mortgage Inc,CA,SAN DIEGO,92108
2021,2549001SI0EMFPT39035,20940,CA,06025,06025011000,C,Conventional:First Lien,Single Family (1-4 Units):Site-Built,Ethnicity Not Available,Race Not Available,Male,1,71,2,1,2,1,1,1,2,405000.0,,,,2,,,,,,,,,1,1,1,1,,1,1,3,5,1,,9821.0,,9,9,3.0,,,,,5.0,,,,,2,4,6.0,,,,,8.0,,,,,2,4,1,5,2,4,8888,8888,,,1,1,6,,,,,10,,,,12677,80.15,56200,175,2613,3960,18,26-0728895,7,Cstone Mortgage Inc,CA,SAN DIEGO,92108
2021,2549001SI0EMFPT39035,20940,CA,06025,06025011300,C,Conventional:First Lien,Single Family (1-4 Units):Site-Built,Ethnicity Not Available,Race Not Available,Male,1,71,2,1,31,1,1,1,2,235000.0,,,,2,,,,,,,,,1,1,1,1,,1,1,3,5,1,,6582.0,,9,9,3.0,,,,,5.0,,,,,2,4,6.0,,,,,8.0,,,,,2,4,1,5,2,4,8888,8888,,,1,1,6,,,,,10,,,,10883,93.26,56200,99,1622,2665,16,26-0728895,7,Cstone Mortgage Inc,CA,SAN DIEGO,92108
2021,2549001SI0EMFPT39035,20940,CA,06025,06025011000,C,Conventional:First Lien,Single Family (1-4 Units):Site-Built,Ethnicity Not Available,Race Not Available,Sex Not Available,1,6,2,1,31,1,1,1,2,185000.0,,,,2,,,,,,,,,1,1,1,1,,1,1,3,5,1,,4951.0,,9,9,3.0,,,,,5.0,,,,,2,4,6.0,,,,,8.0,,,,,2,4,3,5,2,4,8888,8888,,,1,1,6,,,,,10,,,,12677,80.15,56200,175,2613,3960,18,26-0728895,7,Cstone Mortgage Inc,CA,SAN DIEGO,92108
2021,2549001SI0EMFPT39035,20940,CA,06025,06025011803,C,Conventional:First Lien,Single Family (1-4 Units):Site-Built,Ethnicity Not Available,Race Not Available,Sex Not Available,1,71,2,1,2,1,1,1,2,325000.0,,,,2,,,,,,,,,1,1,1,1,,1,1,3,5,1,,6989.0,,9,9,3.0,,,,,5.0,,,,,2,4,6.0,,,,,8.0,,,,,2,4,3,5,2,4,8888,8888,,,1,1,6,,,,,10,,,,6697,84.65,56200,222,1436,1996,13,26-0728895,7,Cstone Mortgage Inc,CA,SAN DIEGO,92108
2021,2549001SI0EMFPT39035,20940,CA,06025,06025012200,C,FHA:First Lien,Single Family (1-4 Units):Site-Built,Ethnicity Not Available,Race Not Available,Male,1,71,2,2,31,1,1,1,2,215000.0,,,,2,,,,,,,,,1,1,1,1,,1,1,3,5,1,,4723.0,,9,9,3.0,,,,,5.0,,,,,2,4,6.0,,,,,8.0,,,,,2,4,1,5,2,4,8888,8888,,,1,1,6,,,,,10,,,,7661,98.45,56200,79,1085,1821,28,26-0728895,7,Cstone Mortgage Inc,CA,SAN DIEGO,92108
2021,2549001SI0EMFPT39035,20940,CA,06025,06025011201,C,Conventional:First Lien,Single Family (1-4 Units):Site-Built,Not Hispanic or Latino,White,Female,1,71,2,1,2,1,1,1,2,155000.0,,,,2,,,,,,,,,1,1,1,1,,1,1,3,5,1,,8155.0,,9,9,2.0,,,,,5.0,,,,,2,4,5.0,,,,,8.0,,,,,2,4,2,5,2,4,8888,8888,,,1,1,6,,,,,10,,,,6162,84.26999999999998,56200,180,1291,1910,15,26-0728895,7,Cstone Mortgage Inc,CA,SAN DIEGO,92108
2021,2549001SI0EMFPT39035,20940,CA,06025,06025011201,C,Conventional:First Lien,Single Family (1-4 Units):Site-Built,Hispanic or Latino,White,Sex Not Available,1,71,2,1,2,1,1,1,2,145000.0,,,,2,,,,,,,,,1,1,1,1,,1,1,3,5,1,,3120.0,,9,9,1.0,,,,,5.0,,,,,2,4,5.0,,,,,8.0,,,,,2,4,3,5,2,4,8888,8888,,,1,1,6,,,,,10,,,,6162,84.26999999999998,56200,180,1291,1910,15,26-0728895,7,Cstone Mortgage Inc,CA,SAN DIEGO,92108
2021,2549001SI0EMFPT39035,20940,CA,06025,06025011201,C,Conventional:First Lien,Single Family (1-4 Units):Site-Built,Hispanic or Latino,White,Male,1,71,2,1,31,1,1,1,2,335000.0,,,,2,,,,,,,,,1,1,1,1,,1,1,3,5,1,,8407.0,,9,9,1.0,,,,,5.0,,,,,2,4,5.0,,,,,8.0,,,,,2,4,1,5,2,4,8888,8888,,,1,1,6,,,,,10,,,,6162,84.26999999999998,56200,180,1291,1910,15,26-0728895,7,Cstone Mortgage Inc,CA,SAN DIEGO,92108
2021,2549001SI0EMFPT39035,20940,CA,06025,06025011803,C,Conventional:First Lien,Single Family (1-4 Units):Site-Built,Ethnicity Not Available,Race Not Available,Sex Not Available,1,6,2,1,2,1,1,1,2,245000.0,,,,2,,,,,,,,,1,1,1,1,,1,1,3,5,1,,7366.0,,9,9,3.0,,,,,5.0,,,,,2,4,6.0,,,,,8.0,,,,,2,4,3,5,2,4,8888,8888,,,1,1,6,,,,,10,,,,6697,84.65,56200,222,1436,1996,13,26-0728895,7,Cstone Mortgage Inc,CA,SAN DIEGO,92108
2021,2549001SI0EMFPT39035,20940,CA,06025,06025010400,C,FHA:First Lien,Single Family (1-4 Units):Site-Built,Ethnicity Not Available,Race Not Available,Male,1,6,2,2,1,1,1,1,2,295000.0,,,,2,,,,,,,,,1,1,1,1,,1,1,3,5,1,,5243.0,,9,9,3.0,,,,,5.0,,,,,2,4,6.0,,,,,8.0,,,,,2,4,1,5,2,4,8888,8888,,,1,1,6,,,,,10,,,,7641,93.51,56200,63,890,1815,33,26-0728895,7,Cstone Mortgage Inc,CA,SAN DIEGO,92108
2021,2549001SI0EMFPT39035,20940,CA,06025,06025010900,C,Conventional:First Lien,Single Family (1-4 Units):Site-Built,Hispanic or Latino,White,Male,1,71,2,1,2,1,1,1,2,105000.0,,,,2,,,,,,,,,1,1,1,1,,1,1,3,5,1,,2261.0,,9,9,1.0,,,,,5.0,,,,,2,4,5.0,,,,,8.0,,,,,2,4,1,5,2,4,8888,8888,,,1,1,6,,,,,10,,,,6921,75.39,56200,64,1060,1971,41,26-0728895,7,Cstone Mortgage Inc,CA,SAN DIEGO,92108
2021,2549001SI0EMFPT39035,20940,CA,06025,06025010600,C,Conventional:First Lien,Single Family (1-4 Units):Site-Built,Hispanic or Latino,White,Female,1,71,2,1,1,1,1,1,2,155000.0,,,,2,,,,,,,,,1,1,1,1,,1,1,3,5,1,,6886.0,,9,9,1.0,,,,,5.0,,,,,2,4,5.0,,,,,8.0,,,,,2,4,2,5,2,4,8888,8888,,,1,1,6,,,,,10,,,,6653,66.71,56200,166,1328,1903,28,26-0728895,7,Cstone Mortgage Inc,CA,SAN DIEGO,92108
2021,2549001SI0EMFPT39035,20940,CA,06025,06025012200,C,Conventional:First Lien,Single Family (1-4 Units):Site-Built,Ethnicity Not Available,Race Not Available,Male,1,6,2,1,31,1,1,1,2,135000.0,,,,2,,,,,,,,,1,1,1,1,,1,1,3,5,1,,6066.0,,9,9,3.0,,,,,5.0,,,,,2,4,6.0,,,,,8.0,,,,,2,4,1,5,2,4,8888,8888,,,1,1,6,,,,,10,,,,7661,98.45,56200,79,1085,1821,28,26-0728895,7,Cstone Mortgage Inc,CA,SAN DIEGO,92108
2021,2549001SI0EMFPT39035,20940,CA,06025,06025011900,C,Conventional:First Lien,Single Family (1-4 Units):Site-Built,Hispanic or Latino,White,Male,1,71,2,1,2,1,1,1,2,125000.0,,,,2,,,,,,,,,1,1,1,1,,1,1,3,5,1,,7898.0,,9,9,1.0,,,,,5.0,,,,,2,4,5.0,,,,,8.0,,,,,2,4,1,5,2,4,8888,8888,,,1,1,6,,,,,10,,,,11459,98.73,56200,102,1583,2761,13,26-0728895,7,Cstone Mortgage Inc,CA,SAN DIEGO,92108
2021,2549001SI0EMFPT39035,20940,CA,06025,06025011201,C,FHA:First Lien,Single Family (1-4 Units):Site-Built,Hispanic or Latino,White,Male,1,71,2,2,1,1,1,1,2,295000.0,,,,2,,,,,,,,,1,1,1,1,,1,1,3,5,1,,7942.0,,9,9,1.0,,,,,5.0,,,,,2,4,5.0,,,,,8.0,,,,,2,4,1,5,2,4,8888,8888,,,1,1,6,,,,,10,,,,6162,84.26999999999998,56200,180,1291,1910,15,26-0728895,7,Cstone Mortgage Inc,CA,SAN DIEGO,92108
2021,2549001SI0EMFPT39035,20940,CA,06025,06025011700,C,Conventional:First Lien,Single Family (1-4 Units):Site-Built,Hispanic or Latino,White,Male,1,3,2,1,2,1,1,1,2,265000.0,,,,2,,,,,,,,,1,1,1,1,,1,1,3,5,1,,4365.0,,9,9,1.0,,,,,5.0,,,,,2,4,5.0,,,,,8.0,,,,,2,4,1,5,2,4,8888,8888,,,1,1,6,,,,,10,,,,5254,88.9,56200,131,921,1227,42,26-0728895,7,Cstone Mortgage Inc,CA,SAN DIEGO,92108
2021,2549001SI0EMFPT39035,20940,CA,06025,06025011600,C,Conventional:First Lien,Single Family (1-4 Units):Site-Built,Hispanic or Latino,White,Female,1,6,2,1,2,1,1,1,2,185000.0,,,,2,,,,,,,,,1,1,1,1,,1,1,3,5,1,,6014.0,,9,9,1.0,,,,,5.0,,,,,2,4,5.0,,,,,8.0,,,,,2,4,2,5,2,4,8888,8888,,,1,1,6,,,,,10,,,,5967,90.4,56200,58,512,1821,57,26-0728895,7,Cstone Mortgage Inc,CA,SAN DIEGO,92108
2021,2549001SI0EMFPT39035,20940,CA,06025,06025011201,C,Conventional:First Lien,Single Family (1-4 Units):Site-Built,Hispanic or Latino,White,Male,1,71,2,1,2,1,1,1,2,265000.0,,,,2,,,,,,,,,1,1,1,1,,1,1,3,5,1,,11298.0,,9,9,1.0,,,,,5.0,,,,,2,4,5.0,,,,,8.0,,,,,2,4,1,5,2,4,8888,8888,,,1,1,6,,,,,10,,,,6162,84.26999999999998,56200,180,1291,1910,15,26-0728895,7,Cstone Mortgage Inc,CA,SAN DIEGO,92108
2021,2549001SI0EMFPT39035,20940,CA,06025,06025012002,C,Conventional:First Lien,Single Family (1-4 Units):Site-Built,Hispanic or Latino,White,Male,1,6,2,1,31,1,1,1,2,145000.0,,,,2,,,,,,,,,1,1,1,1,,1,1,3,5,1,,9930.0,,9,9,1.0,,,,,5.0,,,,,2,4,5.0,,,,,8.0,,,,,2,4,1,5,2,4,8888,8888,,,1,1,6,,,,,10,,,,9391,95.83,56200,129,1377,2318,17,26-0728895,7,Cstone Mortgage Inc,CA,SAN DIEGO,92108
2021,2549001SI0EMFPT39035,20940,CA,06025,06025012002,C,FHA:First Lien,Single Family (1-4 Units):Site-Built,Ethnicity Not Available,White,Sex Not Available,1,71,2,2,1,1,1,1,2,365000.0,,,,2,,,,,,,,,1,1,1,1,,1,1,3,5,1,,5799.0,,9,9,3.0,,,,,5.0,,,,,2,4,5.0,,,,,8.0,,,,,2,4,3,5,2,4,8888,8888,,,1,1,6,,,,,10,,,,9391,95.83,56200,129,1377,2318,17,26-0728895,7,Cstone Mortgage Inc,CA,SAN DIEGO,92108
2021,2549001SI0EMFPT39035,20940,CA,06025,06025012002,C,Conventional:First Lien,Single Family (1-4 Units):Site-Built,Hispanic or Latino,White,Female,1,6,2,1,2,1,1,1,2,165000.0,,,,2,,,,,,,,,1,1,1,1,,1,1,3,5,1,,4912.0,,9,9,1.0,,,,,5.0,,,,,2,4,5.0,,,,,8.0,,,,,2,4,2,5,2,4,8888,8888,,,1,1,6,,,,,10,,,,9391,95.83,56200,129,1377,2318,17,26-0728895,7,Cstone Mortgage Inc,CA,SAN DIEGO,92108
2021,2549001SI0EMFPT39035,20940,CA,06025,06025011900,C,Conventional:First Lien,Single Family (1-4 Units):Site-Built,Ethnicity Not Available,Race Not Available,Male,1,71,2,1,2,1,1,1,2,165000.0,,,,2,,,,,,,,,1,1,1,1,,1,1,3,5,1,,5171.0,,9,9,3.0,,,,,5.0,,,,,2,4,6.0,,,,,8.0,,,,,2,4,1,5,2,4,8888,8888,,,1,1,6,,,,,10,,,,11459,98.73,56200,102,1583,2761,13,26-0728895,7,Cstone Mortgage Inc,CA,SAN DIEGO,92108
2021,2549001SI0EMFPT39035,20940,CA,06025,06025012002,C,Conventional:First Lien,Single Family (1-4 Units):Site-Built,Hispanic or Latino,White,Male,1,71,2,1,2,1,1,1,2,285000.0,,,,2,,,,,,,,,1,1,1,1,,1,1,3,5,1,,9806.0,,9,9,1.0,,,,,5.0,,,,,2,4,5.0,,,,,8.0,,,,,2,4,1,5,2,4,8888,8888,,,1,1,6,,,,,10,,,,9391,95.83,56200,129,1377,2318,17,26-0728895,7,Cstone Mortgage Inc,CA,SAN DIEGO,92108
2021,2549001SI0EMFPT39035,20940,CA,06025,06025011201,C,Conventional:First Lien,Single Family (1-4 Units):Site-Built,Hispanic or Latino,White,Male,1,71,2,1,2,1,1,1,2,235000.0,,,,2,,,,,,,,,1,1,1,1,,1,1,3,5,1,,7873.0,,9,9,1.0,,,,,5.0,,,,,2,4,5.0,,,,,8.0,,,,,2,4,1,5,2,4,8888,8888,,,1,1,6,,,,,10,,,,6162,84.26999999999998,56200,180,1291,1910,15,26-0728895,7,Cstone Mortgage Inc,CA,SAN DIEGO,92108
2021,2549001SI0EMFPT39035,20940,CA,06025,06025011000,C,Conventional:First Lien,Single Family (1-4 Units):Site-Built,Hispanic or Latino,White,Male,1,6,2,1,31,1,1,1,2,305000.0,,,,2,,,,,,,,,1,1,1,1,,1,1,3,5,1,,7430.0,,9,9,1.0,,,,,5.0,,,,,2,4,5.0,,,,,8.0,,,,,2,4,1,5,2,4,8888,8888,,,1,1,6,,,,,10,,,,12677,80.15,56200,175,2613,3960,18,26-0728895,7,Cstone Mortgage Inc,CA,SAN DIEGO,92108
2021,2549001SI0EMFPT39035,20940,CA,06025,06025010700,C,Conventional:First Lien,Single Family (1-4 Units):Site-Built,Not Hispanic or Latino,White,Sex Not Available,1,71,2,1,2,1,1,1,2,275000.0,,,,2,,,,,,,,,1,1,1,1,,1,1,3,5,1,,5179.0,,9,9,2.0,,,,,5.0,,,,,2,4,5.0,,,,,8.0,,,,,2,4,3,5,2,4,8888,8888,,,1,1,6,,,,,10,,,,4729,96.87,56200,67,626,1222,35,26-0728895,7,Cstone Mortgage Inc,CA,SAN DIEGO,92108
2021,2549001SI0EMFPT39035,20940,CA,06025,06025011000,C,Conventional:First Lien,Single Family (1-4 Units):Site-Built,Hispanic or Latino,White,Female,1,71,2,1,1,1,1,1,2,265000.0,,,,3,,,,,,,,,1,1,1,1,,1,2,3,5,1,,10916.0,,9,9,1.0,,,,,5.0,,,,,2,4,5.0,,,,,8.0,,,,,2,4,2,5,2,4,8888,8888,,,1,1,6,,,,,10,,,,12677,80.15,56200,175,2613,3960,18,26-0728895,7,Cstone Mortgage Inc,CA,SAN DIEGO,92108
2021,2549001SI0EMFPT39035,20940,CA,06025,06025011300,C,Conventional:First Lien,Single Family (1-4 Units):Site-Built,Hispanic or Latino,White,Male,1,71,2,1,2,1,1,1,2,195000.0,,,,2,,,,,,,,,1,1,1,1,,1,1,3,5,1,,3984.0,,9,9,1.0,,,,,5.0,,,,,2,4,5.0,,,,,8.0,,,,,2,4,1,5,2,4,8888,8888,,,1,1,6,,,,,10,,,,10883,93.26,56200,99,1622,2665,16,26-0728895,7,Cstone Mortgage Inc,CA,SAN DIEGO,92108
2021,2549001SI0EMFPT39035,20940,CA,06025,06025011802,C,Conventional:First Lien,Single Family (1-4 Units):Site-Built,Ethnicity Not Available,White,Male,1,71,2,1,1,1,1,1,2,245000.0,,,,2,,,,,,,,,1,1,1,1,,1,1,3,5,1,,6370.0,,9,9,3.0,,,,,5.0,,,,,2,4,5.0,,,,,8.0,,,,,2,4,1,5,2,4,8888,8888,,,1,1,6,,,,,10,,,,5748,80.64,56200,112,726,1302,41,26-0728895,7,Cstone Mortgage Inc,CA,SAN DIEGO,92108
2021,549300CR5XDK0TP7I727,20940,CA,06025,06025011802,C,FHA:First Lien,Single Family (1-4 Units):Site-Built,Ethnicity Not Available,Race Not Available,Female,2,0,2,2,31,1,1,1,2,135000.0,,2.962,,3,,,,,,,,,2,2,2,2,215000.0,1,1,3,5,1,,14.0,,3,10,3.0,,,,,5.0,,,,,2,4,6.0,,,,,8.0,,,,,2,4,2,5,2,4,>74,9999,Yes,,2,1,6,,,,,10,,,,5748,80.64,56200,112,726,1302,41,83-0345906,7,Open Mortgage LLC,TX,Austin,78737
2021,549300CR5XDK0TP7I727,20940,CA,06025,06025010700,C,FHA:First Lien,Single Family (1-4 Units):Site-Built,Hispanic or Latino,Race Not Available,Female,1,2,2,2,31,1,1,1,2,125000.0,,2.61,,3,,,,,,,,2.0,2,2,2,2,235000.0,1,1,3,5,1,,23.0,,9,10,1.0,11.0,,,,5.0,,,,,2,4,6.0,,,,,8.0,,,,,2,4,2,5,2,4,65-74,9999,Yes,,2,1,6,,,,,10,,,,4729,96.87,56200,67,626,1222,35,83-0345906,7,Open Mortgage LLC,TX,Austin,78737
2021,5493008E4KBJCB6UKR64,20940,CA,06025,06025012302,C,FHA:First Lien,Single Family (1-4 Units):Site-Built,Hispanic or Latino,Race Not Available,Female,1,0,2,2,31,1,1,2,2,105000.0,131.239,3.1,,3,,,,,,,,,2,2,2,2,145000.0,1,1,3,5,1,,11.0,50%-60%,7,10,1.0,11.0,,,,5.0,,,,,3,4,7.0,,,,,8.0,,,,,3,4,2,5,3,4,>74,9999,Yes,,2,1,6,,,,,10,,,,6037,70.58,56200,73,1144,2807,21,33-0175937,7,Essex Mortgage,CA,ORANGE,92868
2021,549300MGPZBLQDIL7538,20940,CA,06025,06025012200,C,FHA:First Lien,Single Family (1-4 Units):Site-Built,Ethnicity Not Available,Race Not Available,Sex Not Available,5,0,2,2,31,1,1,2,2,95000.0,,,,3,,,,,,,,12.0,2,2,2,2,,1,1,3,5,1,,36.0,,9,9,3.0,,,,,3.0,,,,,2,2,6.0,,,,,6.0,,,,,2,2,3,3,2,2,65-74,65-74,Yes,Yes,1,3,6,,,,,10,,,,7661,98.45,56200,79,1085,1821,28,76-0503625,7,FAIRWAY INDEPENDENT MORT CORP,WI,MADISON,53718
2021,549300MGPZBLQDIL7538,20940,CA,06025,06025012200,C,FHA:First Lien,Single Family (1-4 Units):Site-Built,Ethnicity Not Available,Race Not Available,Joint,5,0,2,2,31,1,1,2,2,95000.0,,,,3,,,,,,,,1.0,2,2,2,2,,1,1,3,5,1,,42.0,,9,9,3.0,,,,,3.0,,,,,2,2,6.0,,,,,6.0,,,,,2,2,1,2,2,2,65-74,65-74,Yes,Yes,1,3,6,,,,,10,,,,7661,98.45,56200,79,1085,1821,28,76-0503625,7,FAIRWAY INDEPENDENT MORT CORP,WI,MADISON,53718
2021,549300L4YRGOSZO6BP34,20940,CA,06025,06025011000,C,FHA:First Lien,Single Family (1-4 Units):Site-Built,Not Hispanic or Latino,White,Joint,1,71,2,2,32,1,1,2,2,155000.0,,3.43,,3,,,,,,,,,1,2,2,2,305000.0,1,1,3,5,1,,43.0,,9,9,2.0,,,,,2.0,,,,,2,2,5.0,,,,,5.0,,,,,2,2,1,2,2,2,55-64,65-74,Yes,Yes,2,1,6,,,,,10,,,,12677,80.15,56200,175,2613,3960,18,38-3024363,3,Midwest Loan Services Inc,MI,SOUTHFIELD,48034
2021,549300S5YL3OH0IVCS62,20940,CA,06025,06025012200,C,FHA:First Lien,Single Family (1-4 Units):Site-Built,Hispanic or Latino,White,Female,1,2,2,2,31,1,1,1,2,165000.0,,3.32,,3,,,,,,,,1.0,2,2,2,2,245000.0,1,1,3,5,1,,16.0,,9,10,1.0,11.0,,,,5.0,,,,,2,4,5.0,,,,,8.0,,,,,2,4,2,5,2,4,>74,9999,Yes,,2,2,6,,,,,10,,,,7661,98.45,56200,79,1085,1821,28,20-0304793,7,Finance of America Reverse LLC,OK,TULSA,74133
2021,549300S5YL3OH0IVCS62,20940,CA,06025,06025011000,C,FHA:First Lien,Single Family (1-4 Units):Site-Built,Ethnicity Not Available,Race Not Available,Male,4,0,2,2,31,1,1,1,2,135000.0,,,,3,,,,,,,,1.0,2,2,2,2,,1,1,3,5,1,,12.0,,9,9,3.0,,,,,5.0,,,,,2,4,6.0,,,,,8.0,,,,,2,4,1,5,2,4,>74,9999,Yes,,2,1,6,,,,,10,,,,12677,80.15,56200,175,2613,3960,18,20-0304793,7,Finance of America Reverse LLC,OK,TULSA,74133
2021,549300S5YL3OH0IVCS62,20940,CA,06025,06025010700,C,FHA:First Lien,Single Family (1-4 Units):Site-Built,Ethnicity Not Available,Race Not Available,Sex Not Available,6,2,2,2,31,1,1,1,2,115000.0,,2.61,,3,,,,,,,,1.0,2,2,2,2,235000.0,1,1,3,5,1,,,,9,9,4.0,,,,,4.0,,,,,3,3,7.0,,,,,7.0,,,,,3,3,4,4,3,3,8888,8888,,,3,3,6,,,,,10,,,,4729,96.87,56200,67,626,1222,35,20-0304793,7,Finance of America Reverse LLC,OK,TULSA,74133
2021,549300S5YL3OH0IVCS62,20940,CA,06025,06025011000,C,FHA:First Lien,Single Family (1-4 Units):Site-Built,Ethnicity Not Available,Race Not Available,Sex Not Available,6,0,2,2,4,1,1,1,2,95000.0,,2.305,,3,,,,,,,,1.0,2,2,2,2,225000.0,1,1,3,5,1,,,,9,9,4.0,,,,,4.0,,,,,3,3,7.0,,,,,7.0,,,,,3,3,4,4,3,3,8888,8888,,,3,3,6,,,,,10,,,,12677,80.15,56200,175,2613,3960,18,20-0304793,7,Finance of America Reverse LLC,OK,TULSA,74133
2021,549300OPCWU6E72WUT29,20940,CA,06025,06025011000,C,FHA:First Lien,Single Family (1-4 Units):Site-Built,Ethnicity Not Available,Race Not Available,Sex Not Available,1,71,2,2,4,1,1,1,2,155000.0,,2.305,,3,,,,,,,,2.0,2,2,2,2,225000.0,1,1,3,5,1,,18.0,,9,10,3.0,,,,,5.0,,,,,2,4,6.0,,,,,8.0,,,,,2,4,3,5,2,4,>74,9999,Yes,,2,1,6,,,,,10,,,,12677,80.15,56200,175,2613,3960,18,46-1728831,7,Synergy One Lending,CA,SAN DIEGO,92108
2021,PAOOWF3GUFM46FBSP561,20940,CA,06025,06025011000,C,FHA:First Lien,Single Family (1-4 Units):Site-Built,Ethnicity Not Available,Race Not Available,Sex Not Available,6,8,2,2,31,1,1,1,2,145000.0,,2.17,,3,,,,,,,,1.0,2,2,2,2,235000.0,1,1,3,5,1,,,,9,9,4.0,,,,,4.0,,,,,3,3,7.0,,,,,7.0,,,,,3,3,4,4,3,3,8888,8888,,,3,3,6,,,,,10,,,,12677,80.15,56200,175,2613,3960,18,22-2195996,7,PHH MORTGAGE CORPORATION,NJ,MT LAUREL,08054
2021,PAOOWF3GUFM46FBSP561,20940,CA,06025,06025011000,C,FHA:First Lien,Single Family (1-4 Units):Site-Built,Ethnicity Not Available,Race Not Available,Sex Not Available,6,8,2,2,31,1,1,2,2,155000.0,,3.43,,3,,,,,,,,,2,2,2,2,305000.0,1,1,3,5,1,,,,9,9,4.0,,,,,4.0,,,,,3,3,7.0,,,,,7.0,,,,,3,3,4,4,3,3,8888,8888,,,3,3,6,,,,,10,,,,12677,80.15,56200,175,2613,3960,18,22-2195996,7,PHH MORTGAGE CORPORATION,NJ,MT LAUREL,08054
2021,PAOOWF3GUFM46FBSP561,20940,CA,06025,06025012302,C,FHA:First Lien,Single Family (1-4 Units):Site-Built,Hispanic or Latino,Race Not Available,Female,1,8,2,2,31,1,1,1,2,115000.0,,3.1,,3,,,,,,,,1.0,2,2,2,2,195000.0,1,1,3,5,1,,11.0,,9,9,1.0,11.0,,,,5.0,,,,,2,4,6.0,,,,,8.0,,,,,2,4,2,5,2,4,>74,9999,Yes,,2,2,6,,,,,10,,,,6037,70.58,56200,73,1144,2807,21,22-2195996,7,PHH MORTGAGE CORPORATION,NJ,MT LAUREL,08054
